{
  "tr_language": {
    "precision": 0.9838709677419355,
    "recall": 0.8026315789473685,
    "f1-score": 0.8840579710144928,
    "support": 76
  },
  "tr_country": {
    "precision": 0.9410430839002267,
    "recall": 0.9410430839002267,
    "f1-score": 0.9410430839002267,
    "support": 882
  },
  "tr_virus": {
    "precision": 0.7925407925407926,
    "recall": 0.8774193548387097,
    "f1-score": 0.8328230251071648,
    "support": 775
  },
  "tr_german_city": {
    "precision": 1.0,
    "recall": 0.73,
    "f1-score": 0.8439306358381503,
    "support": 100
  },
  "tr_game": {
    "precision": 0.3333333333333333,
    "recall": 0.2,
    "f1-score": 0.25,
    "support": 5
  },
  "micro avg": {
    "precision": 0.8759318423855165,
    "recall": 0.8949945593035908,
    "f1-score": 0.8853606027987083,
    "support": 1838
  },
  "macro avg": {
    "precision": 0.8101576355032576,
    "recall": 0.7102188035372611,
    "f1-score": 0.7503709431720069,
    "support": 1838
  },
  "weighted avg": {
    "precision": 0.8817518903341502,
    "recall": 0.8949945593035908,
    "f1-score": 0.8858919008917134,
    "support": 1838
  }
}